dataset,fold,seed,backbone,candidate,test_auc,valid_auc
assist2012,0,42,bkt,no_graph,0.5517,0.561
assist2012,0,42,bkt,e_pre,0.5517,0.561
assist2012,0,42,bkt,e_pre_e_sim,0.5517,0.561
assist2012,0,42,bkt,full_lc_mrsg,0.5615,0.5685
assist2012,0,42,bkt,relation_gated_1,0.5616,0.5685
assist2012,0,42,bkt,relation_gated_2,0.5517,0.561
assist2012,0,42,bkt,val_selected_static,0.5615,0.5685
assist2012,0,42,bkt,relation_gated,0.5615,0.5685
assist2012,0,42,bkt,sparse_aware_relation_gated,0.5615,0.5685
assist2012,0,2024,bkt,no_graph,0.5517,0.561
assist2012,0,2024,bkt,e_pre,0.5517,0.561
assist2012,0,2024,bkt,e_pre_e_sim,0.5517,0.561
assist2012,0,2024,bkt,full_lc_mrsg,0.5615,0.5685
assist2012,0,2024,bkt,relation_gated_1,0.5616,0.5685
assist2012,0,2024,bkt,relation_gated_2,0.5517,0.561
assist2012,0,2024,bkt,val_selected_static,0.5615,0.5685
assist2012,0,2024,bkt,relation_gated,0.5615,0.5685
assist2012,0,2024,bkt,sparse_aware_relation_gated,0.5615,0.5685
assist2012,0,3407,bkt,no_graph,0.5517,0.561
assist2012,0,3407,bkt,e_pre,0.5517,0.561
assist2012,0,3407,bkt,e_pre_e_sim,0.5517,0.561
assist2012,0,3407,bkt,full_lc_mrsg,0.5615,0.5685
assist2012,0,3407,bkt,relation_gated_1,0.5616,0.5685
assist2012,0,3407,bkt,relation_gated_2,0.5517,0.561
assist2012,0,3407,bkt,val_selected_static,0.5615,0.5685
assist2012,0,3407,bkt,relation_gated,0.5615,0.5685
assist2012,0,3407,bkt,sparse_aware_relation_gated,0.5615,0.5685
assist2012,0,42,dkt,no_graph,0.6114,0.6143
assist2012,0,42,dkt,e_pre,0.6116,0.6161
assist2012,0,42,dkt,e_pre_e_sim,0.6125,0.6179
assist2012,0,42,dkt,full_lc_mrsg,0.6146,0.6157
assist2012,0,42,dkt,relation_gated_1,0.6112,0.6167
assist2012,0,42,dkt,relation_gated_2,0.6112,0.6149
assist2012,0,42,dkt,val_selected_static,0.6125,0.6179
assist2012,0,42,dkt,relation_gated,0.6125,0.6179
assist2012,0,42,dkt,sparse_aware_relation_gated,0.6188,0.6204
assist2012,0,2024,dkt,no_graph,0.6136,0.6195
assist2012,0,2024,dkt,e_pre,0.6156,0.616
assist2012,0,2024,dkt,e_pre_e_sim,0.6113,0.6147
assist2012,0,2024,dkt,full_lc_mrsg,0.6114,0.6132
assist2012,0,2024,dkt,relation_gated_1,0.6094,0.6122
assist2012,0,2024,dkt,relation_gated_2,0.61,0.6161
assist2012,0,2024,dkt,val_selected_static,0.6136,0.6195
assist2012,0,2024,dkt,relation_gated,0.6136,0.6195
assist2012,0,2024,dkt,sparse_aware_relation_gated,0.614,0.6195
assist2012,0,3407,dkt,no_graph,0.616,0.6195
assist2012,0,3407,dkt,e_pre,0.6195,0.6194
assist2012,0,3407,dkt,e_pre_e_sim,0.6124,0.6155
assist2012,0,3407,dkt,full_lc_mrsg,0.6125,0.6129
assist2012,0,3407,dkt,relation_gated_1,0.6132,0.6168
assist2012,0,3407,dkt,relation_gated_2,0.6086,0.6111
assist2012,0,3407,dkt,val_selected_static,0.6195,0.6194
assist2012,0,3407,dkt,relation_gated,0.6195,0.6194
assist2012,0,3407,dkt,sparse_aware_relation_gated,0.6195,0.6195
assist2012,0,42,simplekt,no_graph,0.6126,0.618
assist2012,0,42,simplekt,e_pre,0.6212,0.6284
assist2012,0,42,simplekt,e_pre_e_sim,0.6195,0.6249
assist2012,0,42,simplekt,full_lc_mrsg,0.6166,0.6232
assist2012,0,42,simplekt,relation_gated_1,0.6168,0.6227
assist2012,0,42,simplekt,relation_gated_2,0.6214,0.622
assist2012,0,42,simplekt,val_selected_static,0.6212,0.6284
assist2012,0,42,simplekt,relation_gated,0.6212,0.6284
assist2012,0,42,simplekt,sparse_aware_relation_gated,0.6212,0.6284
assist2012,0,2024,simplekt,no_graph,0.6167,0.6199
assist2012,0,2024,simplekt,e_pre,0.6129,0.6214
assist2012,0,2024,simplekt,e_pre_e_sim,0.6125,0.6214
assist2012,0,2024,simplekt,full_lc_mrsg,0.6187,0.6211
assist2012,0,2024,simplekt,relation_gated_1,0.6204,0.6248
assist2012,0,2024,simplekt,relation_gated_2,0.6168,0.6251
assist2012,0,2024,simplekt,val_selected_static,0.6125,0.6214
assist2012,0,2024,simplekt,relation_gated,0.6204,0.6248
assist2012,0,2024,simplekt,sparse_aware_relation_gated,0.6204,0.6248
assist2012,0,3407,simplekt,no_graph,0.6195,0.6245
assist2012,0,3407,simplekt,e_pre,0.6161,0.6193
assist2012,0,3407,simplekt,e_pre_e_sim,0.6166,0.6242
assist2012,0,3407,simplekt,full_lc_mrsg,0.6281,0.6302
assist2012,0,3407,simplekt,relation_gated_1,0.6189,0.6254
assist2012,0,3407,simplekt,relation_gated_2,0.6195,0.6263
assist2012,0,3407,simplekt,val_selected_static,0.6281,0.6302
assist2012,0,3407,simplekt,relation_gated,0.6281,0.6302
assist2012,0,3407,simplekt,sparse_aware_relation_gated,0.6281,0.6302
assist2012,0,42,gikt,no_graph,0.619,0.628
assist2012,0,42,gikt,e_pre,0.6193,0.6238
assist2012,0,42,gikt,e_pre_e_sim,0.6209,0.6262
assist2012,0,42,gikt,full_lc_mrsg,0.6201,0.6251
assist2012,0,42,gikt,relation_gated_1,0.6127,0.6153
assist2012,0,42,gikt,relation_gated_2,0.6197,0.6245
assist2012,0,42,gikt,val_selected_static,0.619,0.628
assist2012,0,42,gikt,relation_gated,0.619,0.628
assist2012,0,42,gikt,sparse_aware_relation_gated,0.6239,0.6303
assist2012,0,2024,gikt,no_graph,0.6235,0.6284
assist2012,0,2024,gikt,e_pre,0.6183,0.6216
assist2012,0,2024,gikt,e_pre_e_sim,0.6097,0.6143
assist2012,0,2024,gikt,full_lc_mrsg,0.6205,0.6225
assist2012,0,2024,gikt,relation_gated_1,0.6167,0.6232
assist2012,0,2024,gikt,relation_gated_2,0.6241,0.6314
assist2012,0,2024,gikt,val_selected_static,0.6235,0.6284
assist2012,0,2024,gikt,relation_gated,0.6241,0.6314
assist2012,0,2024,gikt,sparse_aware_relation_gated,0.6241,0.6314
assist2012,0,3407,gikt,no_graph,0.619,0.6264
assist2012,0,3407,gikt,e_pre,0.617,0.6223
assist2012,0,3407,gikt,e_pre_e_sim,0.6124,0.6147
assist2012,0,3407,gikt,full_lc_mrsg,0.613,0.6162
assist2012,0,3407,gikt,relation_gated_1,0.6173,0.6212
assist2012,0,3407,gikt,relation_gated_2,0.615,0.6189
assist2012,0,3407,gikt,val_selected_static,0.619,0.6264
assist2012,0,3407,gikt,relation_gated,0.619,0.6264
assist2012,0,3407,gikt,sparse_aware_relation_gated,0.619,0.6264
assist2012,0,42,skt,no_graph,0.6005,0.6042
assist2012,0,42,skt,e_pre,0.5976,0.6027
assist2012,0,42,skt,e_pre_e_sim,0.6064,0.6088
assist2012,0,42,skt,full_lc_mrsg,0.6035,0.6073
assist2012,0,42,skt,relation_gated_1,0.601,0.608
assist2012,0,42,skt,relation_gated_2,0.6087,0.6178
assist2012,0,42,skt,val_selected_static,0.6064,0.6088
assist2012,0,42,skt,relation_gated,0.6087,0.6178
assist2012,0,42,skt,sparse_aware_relation_gated,0.6087,0.6178
assist2012,0,2024,skt,no_graph,0.6051,0.6093
assist2012,0,2024,skt,e_pre,0.6039,0.6051
assist2012,0,2024,skt,e_pre_e_sim,0.6033,0.6044
assist2012,0,2024,skt,full_lc_mrsg,0.6019,0.6043
assist2012,0,2024,skt,relation_gated_1,0.6055,0.6075
assist2012,0,2024,skt,relation_gated_2,0.6097,0.6162
assist2012,0,2024,skt,val_selected_static,0.6051,0.6093
assist2012,0,2024,skt,relation_gated,0.6097,0.6162
assist2012,0,2024,skt,sparse_aware_relation_gated,0.6097,0.6162
assist2012,0,3407,skt,no_graph,0.6045,0.6053
assist2012,0,3407,skt,e_pre,0.5917,0.5989
assist2012,0,3407,skt,e_pre_e_sim,0.6015,0.603
assist2012,0,3407,skt,full_lc_mrsg,0.6073,0.6093
assist2012,0,3407,skt,relation_gated_1,0.6011,0.6053
assist2012,0,3407,skt,relation_gated_2,0.6043,0.6138
assist2012,0,3407,skt,val_selected_static,0.6073,0.6093
assist2012,0,3407,skt,relation_gated,0.6043,0.6138
assist2012,0,3407,skt,sparse_aware_relation_gated,0.6115,0.6138
assist2012,1,42,bkt,no_graph,0.5562,0.5574
assist2012,1,42,bkt,e_pre,0.5562,0.5574
assist2012,1,42,bkt,e_pre_e_sim,0.5562,0.5574
assist2012,1,42,bkt,full_lc_mrsg,0.5688,0.5663
assist2012,1,42,bkt,relation_gated_1,0.5688,0.5663
assist2012,1,42,bkt,relation_gated_2,0.5562,0.5574
assist2012,1,42,bkt,val_selected_static,0.5688,0.5663
assist2012,1,42,bkt,relation_gated,0.5688,0.5663
assist2012,1,42,bkt,sparse_aware_relation_gated,0.5688,0.5663
assist2012,1,2024,bkt,no_graph,0.5562,0.5574
assist2012,1,2024,bkt,e_pre,0.5562,0.5574
assist2012,1,2024,bkt,e_pre_e_sim,0.5562,0.5574
assist2012,1,2024,bkt,full_lc_mrsg,0.5688,0.5663
assist2012,1,2024,bkt,relation_gated_1,0.5688,0.5663
assist2012,1,2024,bkt,relation_gated_2,0.5562,0.5574
assist2012,1,2024,bkt,val_selected_static,0.5688,0.5663
assist2012,1,2024,bkt,relation_gated,0.5688,0.5663
assist2012,1,2024,bkt,sparse_aware_relation_gated,0.5688,0.5663
assist2012,1,3407,bkt,no_graph,0.5562,0.5574
assist2012,1,3407,bkt,e_pre,0.5562,0.5574
assist2012,1,3407,bkt,e_pre_e_sim,0.5562,0.5574
assist2012,1,3407,bkt,full_lc_mrsg,0.5688,0.5663
assist2012,1,3407,bkt,relation_gated_1,0.5688,0.5663
assist2012,1,3407,bkt,relation_gated_2,0.5562,0.5574
assist2012,1,3407,bkt,val_selected_static,0.5688,0.5663
assist2012,1,3407,bkt,relation_gated,0.5688,0.5663
assist2012,1,3407,bkt,sparse_aware_relation_gated,0.5688,0.5663
assist2012,1,42,dkt,no_graph,0.6155,0.6109
assist2012,1,42,dkt,e_pre,0.6123,0.609
assist2012,1,42,dkt,e_pre_e_sim,0.6147,0.6119
assist2012,1,42,dkt,full_lc_mrsg,0.6167,0.6118
assist2012,1,42,dkt,relation_gated_1,0.6184,0.6145
assist2012,1,42,dkt,relation_gated_2,0.6112,0.6102
assist2012,1,42,dkt,val_selected_static,0.6167,0.6118
assist2012,1,42,dkt,relation_gated,0.6184,0.6145
assist2012,1,42,dkt,sparse_aware_relation_gated,0.6184,0.6145
assist2012,1,2024,dkt,no_graph,0.6143,0.6087
assist2012,1,2024,dkt,e_pre,0.6141,0.6119
assist2012,1,2024,dkt,e_pre_e_sim,0.6206,0.6122
assist2012,1,2024,dkt,full_lc_mrsg,0.6134,0.6114
assist2012,1,2024,dkt,relation_gated_1,0.6132,0.6071
assist2012,1,2024,dkt,relation_gated_2,0.6122,0.61
assist2012,1,2024,dkt,val_selected_static,0.6141,0.6119
assist2012,1,2024,dkt,relation_gated,0.6141,0.6119
assist2012,1,2024,dkt,sparse_aware_relation_gated,0.6163,0.6134
assist2012,1,3407,dkt,no_graph,0.6113,0.6064
assist2012,1,3407,dkt,e_pre,0.6175,0.6123
assist2012,1,3407,dkt,e_pre_e_sim,0.6191,0.6177
assist2012,1,3407,dkt,full_lc_mrsg,0.6147,0.6096
assist2012,1,3407,dkt,relation_gated_1,0.613,0.6109
assist2012,1,3407,dkt,relation_gated_2,0.6114,0.6074
assist2012,1,3407,dkt,val_selected_static,0.6191,0.6177
assist2012,1,3407,dkt,relation_gated,0.6191,0.6177
assist2012,1,3407,dkt,sparse_aware_relation_gated,0.6191,0.6177
assist2012,1,42,simplekt,no_graph,0.6218,0.6114
assist2012,1,42,simplekt,e_pre,0.6266,0.6256
assist2012,1,42,simplekt,e_pre_e_sim,0.627,0.6235
assist2012,1,42,simplekt,full_lc_mrsg,0.6212,0.6161
assist2012,1,42,simplekt,relation_gated_1,0.6275,0.6239
assist2012,1,42,simplekt,relation_gated_2,0.6311,0.624
assist2012,1,42,simplekt,val_selected_static,0.6266,0.6256
assist2012,1,42,simplekt,relation_gated,0.6266,0.6256
assist2012,1,42,simplekt,sparse_aware_relation_gated,0.6266,0.6256
assist2012,1,2024,simplekt,no_graph,0.6139,0.6081
assist2012,1,2024,simplekt,e_pre,0.6262,0.6182
assist2012,1,2024,simplekt,e_pre_e_sim,0.6244,0.6174
assist2012,1,2024,simplekt,full_lc_mrsg,0.6219,0.6153
assist2012,1,2024,simplekt,relation_gated_1,0.6223,0.6169
assist2012,1,2024,simplekt,relation_gated_2,0.6224,0.6124
assist2012,1,2024,simplekt,val_selected_static,0.6262,0.6182
assist2012,1,2024,simplekt,relation_gated,0.6262,0.6182
assist2012,1,2024,simplekt,sparse_aware_relation_gated,0.6181,0.6182
assist2012,1,3407,simplekt,no_graph,0.628,0.6203
assist2012,1,3407,simplekt,e_pre,0.6174,0.6124
assist2012,1,3407,simplekt,e_pre_e_sim,0.6217,0.6147
assist2012,1,3407,simplekt,full_lc_mrsg,0.6283,0.6221
assist2012,1,3407,simplekt,relation_gated_1,0.6274,0.621
assist2012,1,3407,simplekt,relation_gated_2,0.6239,0.6191
assist2012,1,3407,simplekt,val_selected_static,0.6283,0.6221
assist2012,1,3407,simplekt,relation_gated,0.6283,0.6221
assist2012,1,3407,simplekt,sparse_aware_relation_gated,0.6283,0.6221
assist2012,1,42,gikt,no_graph,0.6134,0.6113
assist2012,1,42,gikt,e_pre,0.6155,0.6138
assist2012,1,42,gikt,e_pre_e_sim,0.6174,0.6156
assist2012,1,42,gikt,full_lc_mrsg,0.6204,0.6204
assist2012,1,42,gikt,relation_gated_1,0.6138,0.6134
assist2012,1,42,gikt,relation_gated_2,0.6185,0.6163
assist2012,1,42,gikt,val_selected_static,0.6204,0.6204
assist2012,1,42,gikt,relation_gated,0.6204,0.6204
assist2012,1,42,gikt,sparse_aware_relation_gated,0.6234,0.622
assist2012,1,2024,gikt,no_graph,0.6198,0.6202
assist2012,1,2024,gikt,e_pre,0.6241,0.6201
assist2012,1,2024,gikt,e_pre_e_sim,0.6153,0.6139
assist2012,1,2024,gikt,full_lc_mrsg,0.6169,0.6168
assist2012,1,2024,gikt,relation_gated_1,0.6181,0.6176
assist2012,1,2024,gikt,relation_gated_2,0.6148,0.6158
assist2012,1,2024,gikt,val_selected_static,0.6198,0.6202
assist2012,1,2024,gikt,relation_gated,0.6198,0.6202
assist2012,1,2024,gikt,sparse_aware_relation_gated,0.6261,0.6202
assist2012,1,3407,gikt,no_graph,0.6165,0.6176
assist2012,1,3407,gikt,e_pre,0.6142,0.6135
assist2012,1,3407,gikt,e_pre_e_sim,0.6236,0.6223
assist2012,1,3407,gikt,full_lc_mrsg,0.614,0.6154
assist2012,1,3407,gikt,relation_gated_1,0.6187,0.6175
assist2012,1,3407,gikt,relation_gated_2,0.6245,0.6228
assist2012,1,3407,gikt,val_selected_static,0.6236,0.6223
assist2012,1,3407,gikt,relation_gated,0.6236,0.6223
assist2012,1,3407,gikt,sparse_aware_relation_gated,0.6236,0.6223
assist2012,1,42,skt,no_graph,0.619,0.6084
assist2012,1,42,skt,e_pre,0.6113,0.6072
assist2012,1,42,skt,e_pre_e_sim,0.6103,0.6067
assist2012,1,42,skt,full_lc_mrsg,0.6002,0.597
assist2012,1,42,skt,relation_gated_1,0.6064,0.6026
assist2012,1,42,skt,relation_gated_2,0.6045,0.5986
assist2012,1,42,skt,val_selected_static,0.619,0.6084
assist2012,1,42,skt,relation_gated,0.619,0.6084
assist2012,1,42,skt,sparse_aware_relation_gated,0.619,0.6084
assist2012,1,2024,skt,no_graph,0.6156,0.6118
assist2012,1,2024,skt,e_pre,0.6064,0.6011
assist2012,1,2024,skt,e_pre_e_sim,0.6047,0.6025
assist2012,1,2024,skt,full_lc_mrsg,0.6137,0.6119
assist2012,1,2024,skt,relation_gated_1,0.6049,0.6002
assist2012,1,2024,skt,relation_gated_2,0.6076,0.6035
assist2012,1,2024,skt,val_selected_static,0.6156,0.6118
assist2012,1,2024,skt,relation_gated,0.6156,0.6118
assist2012,1,2024,skt,sparse_aware_relation_gated,0.6156,0.6118
assist2012,1,3407,skt,no_graph,0.6051,0.6048
assist2012,1,3407,skt,e_pre,0.5994,0.5941
assist2012,1,3407,skt,e_pre_e_sim,0.6112,0.6055
assist2012,1,3407,skt,full_lc_mrsg,0.611,0.6049
assist2012,1,3407,skt,relation_gated_1,0.6064,0.6018
assist2012,1,3407,skt,relation_gated_2,0.6096,0.6037
assist2012,1,3407,skt,val_selected_static,0.6112,0.6055
assist2012,1,3407,skt,relation_gated,0.6112,0.6055
assist2012,1,3407,skt,sparse_aware_relation_gated,0.6106,0.6092
assist2012,2,42,bkt,no_graph,0.5581,0.5552
assist2012,2,42,bkt,e_pre,0.5581,0.5552
assist2012,2,42,bkt,e_pre_e_sim,0.5581,0.5552
assist2012,2,42,bkt,full_lc_mrsg,0.5664,0.5632
assist2012,2,42,bkt,relation_gated_1,0.5665,0.5633
assist2012,2,42,bkt,relation_gated_2,0.5581,0.5552
assist2012,2,42,bkt,val_selected_static,0.5664,0.5632
assist2012,2,42,bkt,relation_gated,0.5664,0.5632
assist2012,2,42,bkt,sparse_aware_relation_gated,0.5664,0.5632
assist2012,2,2024,bkt,no_graph,0.5581,0.5552
assist2012,2,2024,bkt,e_pre,0.5581,0.5552
assist2012,2,2024,bkt,e_pre_e_sim,0.5581,0.5552
assist2012,2,2024,bkt,full_lc_mrsg,0.5664,0.5632
assist2012,2,2024,bkt,relation_gated_1,0.5665,0.5633
assist2012,2,2024,bkt,relation_gated_2,0.5581,0.5552
assist2012,2,2024,bkt,val_selected_static,0.5664,0.5632
assist2012,2,2024,bkt,relation_gated,0.5664,0.5632
assist2012,2,2024,bkt,sparse_aware_relation_gated,0.5664,0.5632
assist2012,2,3407,bkt,no_graph,0.5581,0.5552
assist2012,2,3407,bkt,e_pre,0.5581,0.5552
assist2012,2,3407,bkt,e_pre_e_sim,0.5581,0.5552
assist2012,2,3407,bkt,full_lc_mrsg,0.5664,0.5632
assist2012,2,3407,bkt,relation_gated_1,0.5665,0.5633
assist2012,2,3407,bkt,relation_gated_2,0.5581,0.5552
assist2012,2,3407,bkt,val_selected_static,0.5664,0.5632
assist2012,2,3407,bkt,relation_gated,0.5664,0.5632
assist2012,2,3407,bkt,sparse_aware_relation_gated,0.5664,0.5632
assist2012,2,42,dkt,no_graph,0.615,0.6114
assist2012,2,42,dkt,e_pre,0.611,0.6089
assist2012,2,42,dkt,e_pre_e_sim,0.6173,0.613
assist2012,2,42,dkt,full_lc_mrsg,0.6142,0.6127
assist2012,2,42,dkt,relation_gated_1,0.6182,0.6176
assist2012,2,42,dkt,relation_gated_2,0.6117,0.6113
assist2012,2,42,dkt,val_selected_static,0.6173,0.613
assist2012,2,42,dkt,relation_gated,0.6182,0.6176
assist2012,2,42,dkt,sparse_aware_relation_gated,0.6182,0.6176
assist2012,2,2024,dkt,no_graph,0.6148,0.6119
assist2012,2,2024,dkt,e_pre,0.6147,0.611
assist2012,2,2024,dkt,e_pre_e_sim,0.6126,0.612
assist2012,2,2024,dkt,full_lc_mrsg,0.6124,0.6076
assist2012,2,2024,dkt,relation_gated_1,0.6118,0.6089
assist2012,2,2024,dkt,relation_gated_2,0.6067,0.6062
assist2012,2,2024,dkt,val_selected_static,0.6148,0.6119
assist2012,2,2024,dkt,relation_gated,0.6148,0.6119
assist2012,2,2024,dkt,sparse_aware_relation_gated,0.6151,0.6138
assist2012,2,3407,dkt,no_graph,0.6081,0.6084
assist2012,2,3407,dkt,e_pre,0.6151,0.6107
assist2012,2,3407,dkt,e_pre_e_sim,0.6149,0.6142
assist2012,2,3407,dkt,full_lc_mrsg,0.6108,0.6095
assist2012,2,3407,dkt,relation_gated_1,0.615,0.6108
assist2012,2,3407,dkt,relation_gated_2,0.608,0.6066
assist2012,2,3407,dkt,val_selected_static,0.6149,0.6142
assist2012,2,3407,dkt,relation_gated,0.6149,0.6142
assist2012,2,3407,dkt,sparse_aware_relation_gated,0.6149,0.6142
assist2012,2,42,simplekt,no_graph,0.6182,0.6196
assist2012,2,42,simplekt,e_pre,0.629,0.6242
assist2012,2,42,simplekt,e_pre_e_sim,0.6192,0.6222
assist2012,2,42,simplekt,full_lc_mrsg,0.6174,0.6201
assist2012,2,42,simplekt,relation_gated_1,0.6156,0.6183
assist2012,2,42,simplekt,relation_gated_2,0.6246,0.6223
assist2012,2,42,simplekt,val_selected_static,0.629,0.6242
assist2012,2,42,simplekt,relation_gated,0.629,0.6242
assist2012,2,42,simplekt,sparse_aware_relation_gated,0.629,0.6242
assist2012,2,2024,simplekt,no_graph,0.622,0.6185
assist2012,2,2024,simplekt,e_pre,0.6223,0.6215
assist2012,2,2024,simplekt,e_pre_e_sim,0.6129,0.6149
assist2012,2,2024,simplekt,full_lc_mrsg,0.6199,0.6153
assist2012,2,2024,simplekt,relation_gated_1,0.6174,0.6167
assist2012,2,2024,simplekt,relation_gated_2,0.612,0.6112
assist2012,2,2024,simplekt,val_selected_static,0.6223,0.6215
assist2012,2,2024,simplekt,relation_gated,0.6223,0.6215
assist2012,2,2024,simplekt,sparse_aware_relation_gated,0.6231,0.6265
assist2012,2,3407,simplekt,no_graph,0.6135,0.617
assist2012,2,3407,simplekt,e_pre,0.6105,0.6062
assist2012,2,3407,simplekt,e_pre_e_sim,0.6134,0.6145
assist2012,2,3407,simplekt,full_lc_mrsg,0.6205,0.6207
assist2012,2,3407,simplekt,relation_gated_1,0.6253,0.6231
assist2012,2,3407,simplekt,relation_gated_2,0.6158,0.6136
assist2012,2,3407,simplekt,val_selected_static,0.6205,0.6207
assist2012,2,3407,simplekt,relation_gated,0.6253,0.6231
assist2012,2,3407,simplekt,sparse_aware_relation_gated,0.6217,0.6231
assist2012,2,42,gikt,no_graph,0.6154,0.6137
assist2012,2,42,gikt,e_pre,0.6145,0.6135
assist2012,2,42,gikt,e_pre_e_sim,0.617,0.6144
assist2012,2,42,gikt,full_lc_mrsg,0.6354,0.6311
assist2012,2,42,gikt,relation_gated_1,0.6155,0.6132
assist2012,2,42,gikt,relation_gated_2,0.6177,0.6143
assist2012,2,42,gikt,val_selected_static,0.6354,0.6311
assist2012,2,42,gikt,relation_gated,0.6354,0.6311
assist2012,2,42,gikt,sparse_aware_relation_gated,0.6354,0.6311
assist2012,2,2024,gikt,no_graph,0.6183,0.6163
assist2012,2,2024,gikt,e_pre,0.6221,0.6206
assist2012,2,2024,gikt,e_pre_e_sim,0.6169,0.6137
assist2012,2,2024,gikt,full_lc_mrsg,0.6165,0.6106
assist2012,2,2024,gikt,relation_gated_1,0.6173,0.6161
assist2012,2,2024,gikt,relation_gated_2,0.6135,0.6115
assist2012,2,2024,gikt,val_selected_static,0.6221,0.6206
assist2012,2,2024,gikt,relation_gated,0.6221,0.6206
assist2012,2,2024,gikt,sparse_aware_relation_gated,0.6219,0.6206
assist2012,2,3407,gikt,no_graph,0.6168,0.6137
assist2012,2,3407,gikt,e_pre,0.6129,0.6129
assist2012,2,3407,gikt,e_pre_e_sim,0.6201,0.6213
assist2012,2,3407,gikt,full_lc_mrsg,0.6158,0.6124
assist2012,2,3407,gikt,relation_gated_1,0.6196,0.6186
assist2012,2,3407,gikt,relation_gated_2,0.6267,0.6225
assist2012,2,3407,gikt,val_selected_static,0.6201,0.6213
assist2012,2,3407,gikt,relation_gated,0.6267,0.6225
assist2012,2,3407,gikt,sparse_aware_relation_gated,0.6267,0.6225
assist2012,2,42,skt,no_graph,0.612,0.6118
assist2012,2,42,skt,e_pre,0.6032,0.6045
assist2012,2,42,skt,e_pre_e_sim,0.6044,0.601
assist2012,2,42,skt,full_lc_mrsg,0.601,0.599
assist2012,2,42,skt,relation_gated_1,0.5996,0.5989
assist2012,2,42,skt,relation_gated_2,0.5989,0.6019
assist2012,2,42,skt,val_selected_static,0.612,0.6118
assist2012,2,42,skt,relation_gated,0.612,0.6118
assist2012,2,42,skt,sparse_aware_relation_gated,0.612,0.6118
assist2012,2,2024,skt,no_graph,0.6106,0.6096
assist2012,2,2024,skt,e_pre,0.5978,0.5992
assist2012,2,2024,skt,e_pre_e_sim,0.5965,0.5957
assist2012,2,2024,skt,full_lc_mrsg,0.6067,0.605
assist2012,2,2024,skt,relation_gated_1,0.5968,0.5946
assist2012,2,2024,skt,relation_gated_2,0.6092,0.6035
assist2012,2,2024,skt,val_selected_static,0.6106,0.6096
assist2012,2,2024,skt,relation_gated,0.6106,0.6096
assist2012,2,2024,skt,sparse_aware_relation_gated,0.6106,0.6096
assist2012,2,3407,skt,no_graph,0.5996,0.5963
assist2012,2,3407,skt,e_pre,0.5912,0.59
assist2012,2,3407,skt,e_pre_e_sim,0.6038,0.6029
assist2012,2,3407,skt,full_lc_mrsg,0.6042,0.6045
assist2012,2,3407,skt,relation_gated_1,0.6045,0.5992
assist2012,2,3407,skt,relation_gated_2,0.6104,0.6111
assist2012,2,3407,skt,val_selected_static,0.6042,0.6045
assist2012,2,3407,skt,relation_gated,0.6104,0.6111
assist2012,2,3407,skt,sparse_aware_relation_gated,0.6104,0.6111
junyi,0,42,bkt,no_graph,0.6075,0.6062
junyi,0,42,bkt,e_pre,0.6097,0.608
junyi,0,42,bkt,e_pre_e_sim,0.6097,0.608
junyi,0,42,bkt,full_lc_mrsg,0.6137,0.6113
junyi,0,42,bkt,relation_gated_1,0.6162,0.6132
junyi,0,42,bkt,relation_gated_2,0.6097,0.608
junyi,0,42,bkt,val_selected_static,0.6137,0.6113
junyi,0,42,bkt,relation_gated,0.6162,0.6132
junyi,0,42,bkt,sparse_aware_relation_gated,0.6162,0.6132
junyi,0,2024,bkt,no_graph,0.6075,0.6062
junyi,0,2024,bkt,e_pre,0.6097,0.608
junyi,0,2024,bkt,e_pre_e_sim,0.6097,0.608
junyi,0,2024,bkt,full_lc_mrsg,0.6137,0.6113
junyi,0,2024,bkt,relation_gated_1,0.6162,0.6132
junyi,0,2024,bkt,relation_gated_2,0.6097,0.608
junyi,0,2024,bkt,val_selected_static,0.6137,0.6113
junyi,0,2024,bkt,relation_gated,0.6162,0.6132
junyi,0,2024,bkt,sparse_aware_relation_gated,0.6162,0.6132
junyi,0,3407,bkt,no_graph,0.6075,0.6062
junyi,0,3407,bkt,e_pre,0.6097,0.608
junyi,0,3407,bkt,e_pre_e_sim,0.6097,0.608
junyi,0,3407,bkt,full_lc_mrsg,0.6137,0.6113
junyi,0,3407,bkt,relation_gated_1,0.6162,0.6132
junyi,0,3407,bkt,relation_gated_2,0.6097,0.608
junyi,0,3407,bkt,val_selected_static,0.6137,0.6113
junyi,0,3407,bkt,relation_gated,0.6162,0.6132
junyi,0,3407,bkt,sparse_aware_relation_gated,0.6162,0.6132
junyi,0,42,dkt,no_graph,0.6689,0.6651
junyi,0,42,dkt,e_pre,0.6699,0.6659
junyi,0,42,dkt,e_pre_e_sim,0.6676,0.6644
junyi,0,42,dkt,full_lc_mrsg,0.669,0.6652
junyi,0,42,dkt,relation_gated_1,0.6693,0.6658
junyi,0,42,dkt,relation_gated_2,0.6678,0.6636
junyi,0,42,dkt,val_selected_static,0.6699,0.6659
junyi,0,42,dkt,relation_gated,0.6699,0.6659
junyi,0,42,dkt,sparse_aware_relation_gated,0.6699,0.6651
junyi,0,2024,dkt,no_graph,0.6667,0.6614
junyi,0,2024,dkt,e_pre,0.6664,0.6625
junyi,0,2024,dkt,e_pre_e_sim,0.6659,0.6629
junyi,0,2024,dkt,full_lc_mrsg,0.6667,0.6634
junyi,0,2024,dkt,relation_gated_1,0.6683,0.664
junyi,0,2024,dkt,relation_gated_2,0.6688,0.6643
junyi,0,2024,dkt,val_selected_static,0.6667,0.6634
junyi,0,2024,dkt,relation_gated,0.6688,0.6643
junyi,0,2024,dkt,sparse_aware_relation_gated,0.6684,0.664
junyi,0,3407,dkt,no_graph,0.6654,0.6621
junyi,0,3407,dkt,e_pre,0.6684,0.6643
junyi,0,3407,dkt,e_pre_e_sim,0.6662,0.663
junyi,0,3407,dkt,full_lc_mrsg,0.6678,0.6645
junyi,0,3407,dkt,relation_gated_1,0.6669,0.6628
junyi,0,3407,dkt,relation_gated_2,0.6688,0.6649
junyi,0,3407,dkt,val_selected_static,0.6684,0.6643
junyi,0,3407,dkt,relation_gated,0.6684,0.6643
junyi,0,3407,dkt,sparse_aware_relation_gated,0.669,0.6643
junyi,0,42,simplekt,no_graph,0.6709,0.6684
junyi,0,42,simplekt,e_pre,0.67,0.6675
junyi,0,42,simplekt,e_pre_e_sim,0.6687,0.6668
junyi,0,42,simplekt,full_lc_mrsg,0.6707,0.6676
junyi,0,42,simplekt,relation_gated_1,0.6675,0.6651
junyi,0,42,simplekt,relation_gated_2,0.6718,0.6685
junyi,0,42,simplekt,val_selected_static,0.6709,0.6684
junyi,0,42,simplekt,relation_gated,0.6709,0.6684
junyi,0,42,simplekt,sparse_aware_relation_gated,0.6715,0.6684
junyi,0,2024,simplekt,no_graph,0.6706,0.6685
junyi,0,2024,simplekt,e_pre,0.6696,0.6676
junyi,0,2024,simplekt,e_pre_e_sim,0.6696,0.667
junyi,0,2024,simplekt,full_lc_mrsg,0.6694,0.6679
junyi,0,2024,simplekt,relation_gated_1,0.6691,0.6679
junyi,0,2024,simplekt,relation_gated_2,0.6693,0.6672
junyi,0,2024,simplekt,val_selected_static,0.6706,0.6685
junyi,0,2024,simplekt,relation_gated,0.6706,0.6685
junyi,0,2024,simplekt,sparse_aware_relation_gated,0.6706,0.6685
junyi,0,3407,simplekt,no_graph,0.6695,0.667
junyi,0,3407,simplekt,e_pre,0.6701,0.6676
junyi,0,3407,simplekt,e_pre_e_sim,0.6699,0.6685
junyi,0,3407,simplekt,full_lc_mrsg,0.6679,0.6644
junyi,0,3407,simplekt,relation_gated_1,0.6697,0.6675
junyi,0,3407,simplekt,relation_gated_2,0.6699,0.6678
junyi,0,3407,simplekt,val_selected_static,0.6699,0.6685
junyi,0,3407,simplekt,relation_gated,0.6699,0.6685
junyi,0,3407,simplekt,sparse_aware_relation_gated,0.6699,0.6685
junyi,0,42,gikt,no_graph,0.6658,0.661
junyi,0,42,gikt,e_pre,0.6638,0.6605
junyi,0,42,gikt,e_pre_e_sim,0.6675,0.664
junyi,0,42,gikt,full_lc_mrsg,0.668,0.6643
junyi,0,42,gikt,relation_gated_1,0.6656,0.6628
junyi,0,42,gikt,relation_gated_2,0.6672,0.6624
junyi,0,42,gikt,val_selected_static,0.668,0.6643
junyi,0,42,gikt,relation_gated,0.668,0.6643
junyi,0,42,gikt,sparse_aware_relation_gated,0.668,0.664
junyi,0,2024,gikt,no_graph,0.6681,0.6638
junyi,0,2024,gikt,e_pre,0.6676,0.6633
junyi,0,2024,gikt,e_pre_e_sim,0.6665,0.6625
junyi,0,2024,gikt,full_lc_mrsg,0.6678,0.664
junyi,0,2024,gikt,relation_gated_1,0.667,0.6637
junyi,0,2024,gikt,relation_gated_2,0.6688,0.6646
junyi,0,2024,gikt,val_selected_static,0.6681,0.6638
junyi,0,2024,gikt,relation_gated,0.6688,0.6646
junyi,0,2024,gikt,sparse_aware_relation_gated,0.6691,0.6651
junyi,0,3407,gikt,no_graph,0.6676,0.6623
junyi,0,3407,gikt,e_pre,0.6694,0.6658
junyi,0,3407,gikt,e_pre_e_sim,0.6629,0.6589
junyi,0,3407,gikt,full_lc_mrsg,0.6683,0.664
junyi,0,3407,gikt,relation_gated_1,0.6687,0.6651
junyi,0,3407,gikt,relation_gated_2,0.6665,0.6625
junyi,0,3407,gikt,val_selected_static,0.6694,0.6658
junyi,0,3407,gikt,relation_gated,0.6694,0.6658
junyi,0,3407,gikt,sparse_aware_relation_gated,0.6694,0.6658
junyi,0,42,skt,no_graph,0.6707,0.6681
junyi,0,42,skt,e_pre,0.6699,0.6668
junyi,0,42,skt,e_pre_e_sim,0.6707,0.6674
junyi,0,42,skt,full_lc_mrsg,0.6705,0.668
junyi,0,42,skt,relation_gated_1,0.6713,0.6678
junyi,0,42,skt,relation_gated_2,0.6697,0.668
junyi,0,42,skt,val_selected_static,0.6707,0.6681
junyi,0,42,skt,relation_gated,0.6707,0.6681
junyi,0,42,skt,sparse_aware_relation_gated,0.6701,0.6681
junyi,0,2024,skt,no_graph,0.6699,0.6667
junyi,0,2024,skt,e_pre,0.6703,0.6682
junyi,0,2024,skt,e_pre_e_sim,0.668,0.6662
junyi,0,2024,skt,full_lc_mrsg,0.6679,0.6645
junyi,0,2024,skt,relation_gated_1,0.6708,0.6675
junyi,0,2024,skt,relation_gated_2,0.6712,0.6683
junyi,0,2024,skt,val_selected_static,0.6703,0.6682
junyi,0,2024,skt,relation_gated,0.6703,0.6682
junyi,0,2024,skt,sparse_aware_relation_gated,0.6703,0.6682
junyi,0,3407,skt,no_graph,0.6707,0.6678
junyi,0,3407,skt,e_pre,0.6696,0.6672
junyi,0,3407,skt,e_pre_e_sim,0.6692,0.6678
junyi,0,3407,skt,full_lc_mrsg,0.67,0.6673
junyi,0,3407,skt,relation_gated_1,0.6711,0.6687
junyi,0,3407,skt,relation_gated_2,0.6707,0.6677
junyi,0,3407,skt,val_selected_static,0.6692,0.6678
junyi,0,3407,skt,relation_gated,0.6711,0.6687
junyi,0,3407,skt,sparse_aware_relation_gated,0.6711,0.6678
junyi,1,42,bkt,no_graph,0.5985,0.6022
junyi,1,42,bkt,e_pre,0.6007,0.6046
junyi,1,42,bkt,e_pre_e_sim,0.6007,0.6046
junyi,1,42,bkt,full_lc_mrsg,0.6037,0.6085
junyi,1,42,bkt,relation_gated_1,0.6064,0.6111
junyi,1,42,bkt,relation_gated_2,0.6007,0.6046
junyi,1,42,bkt,val_selected_static,0.6037,0.6085
junyi,1,42,bkt,relation_gated,0.6064,0.6111
junyi,1,42,bkt,sparse_aware_relation_gated,0.6064,0.6111
junyi,1,2024,bkt,no_graph,0.5985,0.6022
junyi,1,2024,bkt,e_pre,0.6007,0.6046
junyi,1,2024,bkt,e_pre_e_sim,0.6007,0.6046
junyi,1,2024,bkt,full_lc_mrsg,0.6037,0.6085
junyi,1,2024,bkt,relation_gated_1,0.6064,0.6111
junyi,1,2024,bkt,relation_gated_2,0.6007,0.6046
junyi,1,2024,bkt,val_selected_static,0.6037,0.6085
junyi,1,2024,bkt,relation_gated,0.6064,0.6111
junyi,1,2024,bkt,sparse_aware_relation_gated,0.6064,0.6111
junyi,1,3407,bkt,no_graph,0.5985,0.6022
junyi,1,3407,bkt,e_pre,0.6007,0.6046
junyi,1,3407,bkt,e_pre_e_sim,0.6007,0.6046
junyi,1,3407,bkt,full_lc_mrsg,0.6037,0.6085
junyi,1,3407,bkt,relation_gated_1,0.6064,0.6111
junyi,1,3407,bkt,relation_gated_2,0.6007,0.6046
junyi,1,3407,bkt,val_selected_static,0.6037,0.6085
junyi,1,3407,bkt,relation_gated,0.6064,0.6111
junyi,1,3407,bkt,sparse_aware_relation_gated,0.6064,0.6111
junyi,1,42,dkt,no_graph,0.6592,0.6663
junyi,1,42,dkt,e_pre,0.6605,0.6677
junyi,1,42,dkt,e_pre_e_sim,0.6598,0.6672
junyi,1,42,dkt,full_lc_mrsg,0.6596,0.6672
junyi,1,42,dkt,relation_gated_1,0.6594,0.6667
junyi,1,42,dkt,relation_gated_2,0.657,0.6657
junyi,1,42,dkt,val_selected_static,0.6605,0.6677
junyi,1,42,dkt,relation_gated,0.6605,0.6677
junyi,1,42,dkt,sparse_aware_relation_gated,0.6607,0.669
junyi,1,2024,dkt,no_graph,0.6576,0.6655
junyi,1,2024,dkt,e_pre,0.6572,0.6647
junyi,1,2024,dkt,e_pre_e_sim,0.6587,0.6662
junyi,1,2024,dkt,full_lc_mrsg,0.6582,0.6657
junyi,1,2024,dkt,relation_gated_1,0.6572,0.666
junyi,1,2024,dkt,relation_gated_2,0.6591,0.667
junyi,1,2024,dkt,val_selected_static,0.6576,0.6655
junyi,1,2024,dkt,relation_gated,0.6591,0.667
junyi,1,2024,dkt,sparse_aware_relation_gated,0.6591,0.667
junyi,1,3407,dkt,no_graph,0.6598,0.6655
junyi,1,3407,dkt,e_pre,0.6597,0.6657
junyi,1,3407,dkt,e_pre_e_sim,0.6587,0.6656
junyi,1,3407,dkt,full_lc_mrsg,0.6594,0.6672
junyi,1,3407,dkt,relation_gated_1,0.6573,0.667
junyi,1,3407,dkt,relation_gated_2,0.659,0.6663
junyi,1,3407,dkt,val_selected_static,0.6594,0.6672
junyi,1,3407,dkt,relation_gated,0.6594,0.6672
junyi,1,3407,dkt,sparse_aware_relation_gated,0.6592,0.6672
junyi,1,42,simplekt,no_graph,0.6619,0.6692
junyi,1,42,simplekt,e_pre,0.6607,0.6671
junyi,1,42,simplekt,e_pre_e_sim,0.662,0.6684
junyi,1,42,simplekt,full_lc_mrsg,0.6617,0.6685
junyi,1,42,simplekt,relation_gated_1,0.662,0.6683
junyi,1,42,simplekt,relation_gated_2,0.6624,0.6691
junyi,1,42,simplekt,val_selected_static,0.6617,0.6685
junyi,1,42,simplekt,relation_gated,0.6617,0.6685
junyi,1,42,simplekt,sparse_aware_relation_gated,0.6621,0.6692
junyi,1,2024,simplekt,no_graph,0.6618,0.6677
junyi,1,2024,simplekt,e_pre,0.6622,0.669
junyi,1,2024,simplekt,e_pre_e_sim,0.662,0.6682
junyi,1,2024,simplekt,full_lc_mrsg,0.6616,0.668
junyi,1,2024,simplekt,relation_gated_1,0.6624,0.6686
junyi,1,2024,simplekt,relation_gated_2,0.6613,0.6682
junyi,1,2024,simplekt,val_selected_static,0.6622,0.669
junyi,1,2024,simplekt,relation_gated,0.6622,0.669
junyi,1,2024,simplekt,sparse_aware_relation_gated,0.6628,0.669
junyi,1,3407,simplekt,no_graph,0.6612,0.6674
junyi,1,3407,simplekt,e_pre,0.6618,0.6683
junyi,1,3407,simplekt,e_pre_e_sim,0.6614,0.6688
junyi,1,3407,simplekt,full_lc_mrsg,0.6613,0.6678
junyi,1,3407,simplekt,relation_gated_1,0.6618,0.6676
junyi,1,3407,simplekt,relation_gated_2,0.6616,0.6683
junyi,1,3407,simplekt,val_selected_static,0.6614,0.6688
junyi,1,3407,simplekt,relation_gated,0.6614,0.6688
junyi,1,3407,simplekt,sparse_aware_relation_gated,0.6614,0.6688
junyi,1,42,gikt,no_graph,0.6574,0.6652
junyi,1,42,gikt,e_pre,0.6568,0.6646
junyi,1,42,gikt,e_pre_e_sim,0.6589,0.6668
junyi,1,42,gikt,full_lc_mrsg,0.659,0.6673
junyi,1,42,gikt,relation_gated_1,0.657,0.6666
junyi,1,42,gikt,relation_gated_2,0.6585,0.6665
junyi,1,42,gikt,val_selected_static,0.659,0.6673
junyi,1,42,gikt,relation_gated,0.659,0.6673
junyi,1,42,gikt,sparse_aware_relation_gated,0.659,0.6668
junyi,1,2024,gikt,no_graph,0.6593,0.6665
junyi,1,2024,gikt,e_pre,0.6576,0.6659
junyi,1,2024,gikt,e_pre_e_sim,0.6579,0.6665
junyi,1,2024,gikt,full_lc_mrsg,0.6584,0.6659
junyi,1,2024,gikt,relation_gated_1,0.6602,0.6674
junyi,1,2024,gikt,relation_gated_2,0.6574,0.6658
junyi,1,2024,gikt,val_selected_static,0.6593,0.6665
junyi,1,2024,gikt,relation_gated,0.6593,0.6665
junyi,1,2024,gikt,sparse_aware_relation_gated,0.6589,0.6665
junyi,1,3407,gikt,no_graph,0.6579,0.6645
junyi,1,3407,gikt,e_pre,0.6595,0.6678
junyi,1,3407,gikt,e_pre_e_sim,0.6566,0.6648
junyi,1,3407,gikt,full_lc_mrsg,0.6579,0.6662
junyi,1,3407,gikt,relation_gated_1,0.6587,0.6674
junyi,1,3407,gikt,relation_gated_2,0.6532,0.6626
junyi,1,3407,gikt,val_selected_static,0.6595,0.6678
junyi,1,3407,gikt,relation_gated,0.6587,0.6674
junyi,1,3407,gikt,sparse_aware_relation_gated,0.6587,0.6678
junyi,1,42,skt,no_graph,0.6627,0.6692
junyi,1,42,skt,e_pre,0.6614,0.6675
junyi,1,42,skt,e_pre_e_sim,0.6621,0.6685
junyi,1,42,skt,full_lc_mrsg,0.6624,0.6688
junyi,1,42,skt,relation_gated_1,0.6622,0.669
junyi,1,42,skt,relation_gated_2,0.6614,0.6683
junyi,1,42,skt,val_selected_static,0.6627,0.6692
junyi,1,42,skt,relation_gated,0.6627,0.6692
junyi,1,42,skt,sparse_aware_relation_gated,0.6624,0.6692
junyi,1,2024,skt,no_graph,0.6605,0.6674
junyi,1,2024,skt,e_pre,0.662,0.6685
junyi,1,2024,skt,e_pre_e_sim,0.6611,0.6663
junyi,1,2024,skt,full_lc_mrsg,0.6608,0.6686
junyi,1,2024,skt,relation_gated_1,0.6609,0.6679
junyi,1,2024,skt,relation_gated_2,0.6614,0.6684
junyi,1,2024,skt,val_selected_static,0.662,0.6685
junyi,1,2024,skt,relation_gated,0.662,0.6685
junyi,1,2024,skt,sparse_aware_relation_gated,0.6622,0.6685
junyi,1,3407,skt,no_graph,0.6625,0.6687
junyi,1,3407,skt,e_pre,0.6606,0.6658
junyi,1,3407,skt,e_pre_e_sim,0.6629,0.6685
junyi,1,3407,skt,full_lc_mrsg,0.662,0.6682
junyi,1,3407,skt,relation_gated_1,0.6612,0.6678
junyi,1,3407,skt,relation_gated_2,0.661,0.6676
junyi,1,3407,skt,val_selected_static,0.6625,0.6687
junyi,1,3407,skt,relation_gated,0.6625,0.6687
junyi,1,3407,skt,sparse_aware_relation_gated,0.6628,0.6701
junyi,2,42,bkt,no_graph,0.6122,0.6046
junyi,2,42,bkt,e_pre,0.6133,0.6058
junyi,2,42,bkt,e_pre_e_sim,0.6133,0.6058
junyi,2,42,bkt,full_lc_mrsg,0.6183,0.61
junyi,2,42,bkt,relation_gated_1,0.6156,0.6081
junyi,2,42,bkt,relation_gated_2,0.6133,0.6058
junyi,2,42,bkt,val_selected_static,0.6183,0.61
junyi,2,42,bkt,relation_gated,0.6183,0.61
junyi,2,42,bkt,sparse_aware_relation_gated,0.6183,0.61
junyi,2,2024,bkt,no_graph,0.6122,0.6046
junyi,2,2024,bkt,e_pre,0.6133,0.6058
junyi,2,2024,bkt,e_pre_e_sim,0.6133,0.6058
junyi,2,2024,bkt,full_lc_mrsg,0.6183,0.61
junyi,2,2024,bkt,relation_gated_1,0.6156,0.6081
junyi,2,2024,bkt,relation_gated_2,0.6133,0.6058
junyi,2,2024,bkt,val_selected_static,0.6183,0.61
junyi,2,2024,bkt,relation_gated,0.6183,0.61
junyi,2,2024,bkt,sparse_aware_relation_gated,0.6183,0.61
junyi,2,3407,bkt,no_graph,0.6122,0.6046
junyi,2,3407,bkt,e_pre,0.6133,0.6058
junyi,2,3407,bkt,e_pre_e_sim,0.6133,0.6058
junyi,2,3407,bkt,full_lc_mrsg,0.6183,0.61
junyi,2,3407,bkt,relation_gated_1,0.6156,0.6081
junyi,2,3407,bkt,relation_gated_2,0.6133,0.6058
junyi,2,3407,bkt,val_selected_static,0.6183,0.61
junyi,2,3407,bkt,relation_gated,0.6183,0.61
junyi,2,3407,bkt,sparse_aware_relation_gated,0.6183,0.61
junyi,2,42,dkt,no_graph,0.6711,0.6631
junyi,2,42,dkt,e_pre,0.6717,0.6648
junyi,2,42,dkt,e_pre_e_sim,0.6695,0.6608
junyi,2,42,dkt,full_lc_mrsg,0.6709,0.6634
junyi,2,42,dkt,relation_gated_1,0.6724,0.6644
junyi,2,42,dkt,relation_gated_2,0.6677,0.6607
junyi,2,42,dkt,val_selected_static,0.6717,0.6648
junyi,2,42,dkt,relation_gated,0.6717,0.6648
junyi,2,42,dkt,sparse_aware_relation_gated,0.6717,0.6648
junyi,2,2024,dkt,no_graph,0.6704,0.6634
junyi,2,2024,dkt,e_pre,0.6698,0.6627
junyi,2,2024,dkt,e_pre_e_sim,0.6698,0.6618
junyi,2,2024,dkt,full_lc_mrsg,0.6694,0.6615
junyi,2,2024,dkt,relation_gated_1,0.669,0.6607
junyi,2,2024,dkt,relation_gated_2,0.671,0.6631
junyi,2,2024,dkt,val_selected_static,0.6704,0.6634
junyi,2,2024,dkt,relation_gated,0.6704,0.6634
junyi,2,2024,dkt,sparse_aware_relation_gated,0.6716,0.6634
junyi,2,3407,dkt,no_graph,0.6705,0.6624
junyi,2,3407,dkt,e_pre,0.6714,0.6637
junyi,2,3407,dkt,e_pre_e_sim,0.6699,0.6617
junyi,2,3407,dkt,full_lc_mrsg,0.6697,0.6623
junyi,2,3407,dkt,relation_gated_1,0.67,0.6623
junyi,2,3407,dkt,relation_gated_2,0.6709,0.663
junyi,2,3407,dkt,val_selected_static,0.6714,0.6637
junyi,2,3407,dkt,relation_gated,0.6714,0.6637
junyi,2,3407,dkt,sparse_aware_relation_gated,0.671,0.6637
junyi,2,42,simplekt,no_graph,0.6737,0.6657
junyi,2,42,simplekt,e_pre,0.6734,0.6655
junyi,2,42,simplekt,e_pre_e_sim,0.6732,0.6651
junyi,2,42,simplekt,full_lc_mrsg,0.6733,0.6652
junyi,2,42,simplekt,relation_gated_1,0.6725,0.6639
junyi,2,42,simplekt,relation_gated_2,0.6741,0.6658
junyi,2,42,simplekt,val_selected_static,0.6734,0.6655
junyi,2,42,simplekt,relation_gated,0.6741,0.6658
junyi,2,42,simplekt,sparse_aware_relation_gated,0.6741,0.6657
junyi,2,2024,simplekt,no_graph,0.6741,0.6664
junyi,2,2024,simplekt,e_pre,0.6731,0.6648
junyi,2,2024,simplekt,e_pre_e_sim,0.6729,0.665
junyi,2,2024,simplekt,full_lc_mrsg,0.6741,0.6658
junyi,2,2024,simplekt,relation_gated_1,0.6737,0.666
junyi,2,2024,simplekt,relation_gated_2,0.673,0.6648
junyi,2,2024,simplekt,val_selected_static,0.6741,0.6664
junyi,2,2024,simplekt,relation_gated,0.6741,0.6664
junyi,2,2024,simplekt,sparse_aware_relation_gated,0.6741,0.6664
junyi,2,3407,simplekt,no_graph,0.6734,0.6646
junyi,2,3407,simplekt,e_pre,0.6739,0.6654
junyi,2,3407,simplekt,e_pre_e_sim,0.6747,0.6663
junyi,2,3407,simplekt,full_lc_mrsg,0.673,0.6648
junyi,2,3407,simplekt,relation_gated_1,0.6737,0.6652
junyi,2,3407,simplekt,relation_gated_2,0.6737,0.6648
junyi,2,3407,simplekt,val_selected_static,0.6747,0.6663
junyi,2,3407,simplekt,relation_gated,0.6747,0.6663
junyi,2,3407,simplekt,sparse_aware_relation_gated,0.6747,0.6663
junyi,2,42,gikt,no_graph,0.6691,0.6621
junyi,2,42,gikt,e_pre,0.6679,0.6599
junyi,2,42,gikt,e_pre_e_sim,0.6698,0.6628
junyi,2,42,gikt,full_lc_mrsg,0.671,0.6628
junyi,2,42,gikt,relation_gated_1,0.6681,0.6596
junyi,2,42,gikt,relation_gated_2,0.6708,0.6634
junyi,2,42,gikt,val_selected_static,0.671,0.6628
junyi,2,42,gikt,relation_gated,0.6708,0.6634
junyi,2,42,gikt,sparse_aware_relation_gated,0.6707,0.6634
junyi,2,2024,gikt,no_graph,0.6713,0.6642
junyi,2,2024,gikt,e_pre,0.6691,0.6618
junyi,2,2024,gikt,e_pre_e_sim,0.6711,0.663
junyi,2,2024,gikt,full_lc_mrsg,0.6702,0.6625
junyi,2,2024,gikt,relation_gated_1,0.6699,0.6626
junyi,2,2024,gikt,relation_gated_2,0.6711,0.6632
junyi,2,2024,gikt,val_selected_static,0.6713,0.6642
junyi,2,2024,gikt,relation_gated,0.6713,0.6642
junyi,2,2024,gikt,sparse_aware_relation_gated,0.672,0.6642
junyi,2,3407,gikt,no_graph,0.6695,0.6623
junyi,2,3407,gikt,e_pre,0.6716,0.6629
junyi,2,3407,gikt,e_pre_e_sim,0.6682,0.6617
junyi,2,3407,gikt,full_lc_mrsg,0.6702,0.6631
junyi,2,3407,gikt,relation_gated_1,0.671,0.6637
junyi,2,3407,gikt,relation_gated_2,0.67,0.6629
junyi,2,3407,gikt,val_selected_static,0.6716,0.6629
junyi,2,3407,gikt,relation_gated,0.671,0.6637
junyi,2,3407,gikt,sparse_aware_relation_gated,0.6703,0.6637
junyi,2,42,skt,no_graph,0.6743,0.6656
junyi,2,42,skt,e_pre,0.6733,0.6641
junyi,2,42,skt,e_pre_e_sim,0.6736,0.6656
junyi,2,42,skt,full_lc_mrsg,0.6735,0.6645
junyi,2,42,skt,relation_gated_1,0.6729,0.6649
junyi,2,42,skt,relation_gated_2,0.6737,0.6655
junyi,2,42,skt,val_selected_static,0.6743,0.6656
junyi,2,42,skt,relation_gated,0.6743,0.6656
junyi,2,42,skt,sparse_aware_relation_gated,0.6731,0.6656
junyi,2,2024,skt,no_graph,0.6734,0.6651
junyi,2,2024,skt,e_pre,0.6745,0.6661
junyi,2,2024,skt,e_pre_e_sim,0.6725,0.6647
junyi,2,2024,skt,full_lc_mrsg,0.6734,0.6654
junyi,2,2024,skt,relation_gated_1,0.6734,0.6653
junyi,2,2024,skt,relation_gated_2,0.6744,0.6662
junyi,2,2024,skt,val_selected_static,0.6734,0.6654
junyi,2,2024,skt,relation_gated,0.6744,0.6662
junyi,2,2024,skt,sparse_aware_relation_gated,0.6744,0.6662
junyi,2,3407,skt,no_graph,0.6734,0.6657
junyi,2,3407,skt,e_pre,0.6735,0.6647
junyi,2,3407,skt,e_pre_e_sim,0.6737,0.6656
junyi,2,3407,skt,full_lc_mrsg,0.6723,0.6639
junyi,2,3407,skt,relation_gated_1,0.6733,0.6646
junyi,2,3407,skt,relation_gated_2,0.6742,0.6659
junyi,2,3407,skt,val_selected_static,0.6734,0.6657
junyi,2,3407,skt,relation_gated,0.6742,0.6659
junyi,2,3407,skt,sparse_aware_relation_gated,0.6742,0.6657
kdd2010,0,42,bkt,no_graph,0.7241,0.7311
kdd2010,0,42,bkt,e_pre,0.7241,0.7311
kdd2010,0,42,bkt,e_pre_e_sim,0.7252,0.732
kdd2010,0,42,bkt,full_lc_mrsg,0.7241,0.731
kdd2010,0,42,bkt,relation_gated_1,0.7241,0.731
kdd2010,0,42,bkt,relation_gated_2,0.7252,0.732
kdd2010,0,42,bkt,val_selected_static,0.7252,0.732
kdd2010,0,42,bkt,relation_gated,0.7252,0.732
kdd2010,0,42,bkt,sparse_aware_relation_gated,0.7252,0.7311
kdd2010,0,2024,bkt,no_graph,0.7241,0.7311
kdd2010,0,2024,bkt,e_pre,0.7241,0.7311
kdd2010,0,2024,bkt,e_pre_e_sim,0.7252,0.732
kdd2010,0,2024,bkt,full_lc_mrsg,0.7241,0.731
kdd2010,0,2024,bkt,relation_gated_1,0.7241,0.731
kdd2010,0,2024,bkt,relation_gated_2,0.7252,0.732
kdd2010,0,2024,bkt,val_selected_static,0.7252,0.732
kdd2010,0,2024,bkt,relation_gated,0.7252,0.732
kdd2010,0,2024,bkt,sparse_aware_relation_gated,0.7252,0.7311
kdd2010,0,3407,bkt,no_graph,0.7241,0.7311
kdd2010,0,3407,bkt,e_pre,0.7241,0.7311
kdd2010,0,3407,bkt,e_pre_e_sim,0.7252,0.732
kdd2010,0,3407,bkt,full_lc_mrsg,0.7241,0.731
kdd2010,0,3407,bkt,relation_gated_1,0.7241,0.731
kdd2010,0,3407,bkt,relation_gated_2,0.7252,0.732
kdd2010,0,3407,bkt,val_selected_static,0.7252,0.732
kdd2010,0,3407,bkt,relation_gated,0.7252,0.732
kdd2010,0,3407,bkt,sparse_aware_relation_gated,0.7252,0.7311
kdd2010,0,42,dkt,no_graph,0.6148,0.6375
kdd2010,0,42,dkt,e_pre,0.5961,0.6276
kdd2010,0,42,dkt,e_pre_e_sim,0.6007,0.6054
kdd2010,0,42,dkt,full_lc_mrsg,0.6232,0.6313
kdd2010,0,42,dkt,relation_gated_1,0.6144,0.6459
kdd2010,0,42,dkt,relation_gated_2,0.614,0.627
kdd2010,0,42,dkt,val_selected_static,0.6148,0.6375
kdd2010,0,42,dkt,relation_gated,0.6144,0.6459
kdd2010,0,42,dkt,sparse_aware_relation_gated,0.6309,0.6502
kdd2010,0,2024,dkt,no_graph,0.6021,0.6369
kdd2010,0,2024,dkt,e_pre,0.6142,0.6384
kdd2010,0,2024,dkt,e_pre_e_sim,0.6015,0.6352
kdd2010,0,2024,dkt,full_lc_mrsg,0.5938,0.6272
kdd2010,0,2024,dkt,relation_gated_1,0.6207,0.6426
kdd2010,0,2024,dkt,relation_gated_2,0.577,0.6198
kdd2010,0,2024,dkt,val_selected_static,0.6142,0.6384
kdd2010,0,2024,dkt,relation_gated,0.6207,0.6426
kdd2010,0,2024,dkt,sparse_aware_relation_gated,0.6207,0.6426
kdd2010,0,3407,dkt,no_graph,0.6009,0.6079
kdd2010,0,3407,dkt,e_pre,0.6115,0.6406
kdd2010,0,3407,dkt,e_pre_e_sim,0.5914,0.6434
kdd2010,0,3407,dkt,full_lc_mrsg,0.6059,0.6341
kdd2010,0,3407,dkt,relation_gated_1,0.6136,0.6411
kdd2010,0,3407,dkt,relation_gated_2,0.5979,0.602
kdd2010,0,3407,dkt,val_selected_static,0.5914,0.6434
kdd2010,0,3407,dkt,relation_gated,0.5914,0.6434
kdd2010,0,3407,dkt,sparse_aware_relation_gated,0.5914,0.6434
kdd2010,0,42,simplekt,no_graph,0.6223,0.655
kdd2010,0,42,simplekt,e_pre,0.6135,0.6561
kdd2010,0,42,simplekt,e_pre_e_sim,0.6283,0.6678
kdd2010,0,42,simplekt,full_lc_mrsg,0.6115,0.6513
kdd2010,0,42,simplekt,relation_gated_1,0.6245,0.6667
kdd2010,0,42,simplekt,relation_gated_2,0.6167,0.658
kdd2010,0,42,simplekt,val_selected_static,0.6283,0.6678
kdd2010,0,42,simplekt,relation_gated,0.6283,0.6678
kdd2010,0,42,simplekt,sparse_aware_relation_gated,0.6283,0.6678
kdd2010,0,2024,simplekt,no_graph,0.6234,0.6532
kdd2010,0,2024,simplekt,e_pre,0.6064,0.6344
kdd2010,0,2024,simplekt,e_pre_e_sim,0.6255,0.6549
kdd2010,0,2024,simplekt,full_lc_mrsg,0.6246,0.6553
kdd2010,0,2024,simplekt,relation_gated_1,0.6204,0.653
kdd2010,0,2024,simplekt,relation_gated_2,0.6313,0.6411
kdd2010,0,2024,simplekt,val_selected_static,0.6246,0.6553
kdd2010,0,2024,simplekt,relation_gated,0.6246,0.6553
kdd2010,0,2024,simplekt,sparse_aware_relation_gated,0.6349,0.6764
kdd2010,0,3407,simplekt,no_graph,0.6238,0.634
kdd2010,0,3407,simplekt,e_pre,0.6339,0.6619
kdd2010,0,3407,simplekt,e_pre_e_sim,0.6277,0.6608
kdd2010,0,3407,simplekt,full_lc_mrsg,0.619,0.6323
kdd2010,0,3407,simplekt,relation_gated_1,0.6227,0.6637
kdd2010,0,3407,simplekt,relation_gated_2,0.6141,0.644
kdd2010,0,3407,simplekt,val_selected_static,0.6339,0.6619
kdd2010,0,3407,simplekt,relation_gated,0.6227,0.6637
kdd2010,0,3407,simplekt,sparse_aware_relation_gated,0.6227,0.6637
kdd2010,0,42,gikt,no_graph,0.5787,0.597
kdd2010,0,42,gikt,e_pre,0.5596,0.5874
kdd2010,0,42,gikt,e_pre_e_sim,0.5994,0.6103
kdd2010,0,42,gikt,full_lc_mrsg,0.5626,0.5845
kdd2010,0,42,gikt,relation_gated_1,0.6096,0.5918
kdd2010,0,42,gikt,relation_gated_2,0.5832,0.6017
kdd2010,0,42,gikt,val_selected_static,0.5994,0.6103
kdd2010,0,42,gikt,relation_gated,0.5994,0.6103
kdd2010,0,42,gikt,sparse_aware_relation_gated,0.618,0.6547
kdd2010,0,2024,gikt,no_graph,0.5895,0.5877
kdd2010,0,2024,gikt,e_pre,0.6143,0.635
kdd2010,0,2024,gikt,e_pre_e_sim,0.5727,0.6103
kdd2010,0,2024,gikt,full_lc_mrsg,0.6123,0.6089
kdd2010,0,2024,gikt,relation_gated_1,0.6163,0.6645
kdd2010,0,2024,gikt,relation_gated_2,0.5841,0.6018
kdd2010,0,2024,gikt,val_selected_static,0.6143,0.635
kdd2010,0,2024,gikt,relation_gated,0.6163,0.6645
kdd2010,0,2024,gikt,sparse_aware_relation_gated,0.6163,0.6645
kdd2010,0,3407,gikt,no_graph,0.5905,0.6094
kdd2010,0,3407,gikt,e_pre,0.6508,0.6684
kdd2010,0,3407,gikt,e_pre_e_sim,0.5773,0.5817
kdd2010,0,3407,gikt,full_lc_mrsg,0.6065,0.6402
kdd2010,0,3407,gikt,relation_gated_1,0.6437,0.668
kdd2010,0,3407,gikt,relation_gated_2,0.5908,0.6084
kdd2010,0,3407,gikt,val_selected_static,0.6508,0.6684
kdd2010,0,3407,gikt,relation_gated,0.6508,0.6684
kdd2010,0,3407,gikt,sparse_aware_relation_gated,0.6508,0.6684
kdd2010,0,42,skt,no_graph,0.5663,0.5947
kdd2010,0,42,skt,e_pre,0.5782,0.5954
kdd2010,0,42,skt,e_pre_e_sim,0.5773,0.591
kdd2010,0,42,skt,full_lc_mrsg,0.5807,0.6119
kdd2010,0,42,skt,relation_gated_1,0.5637,0.5683
kdd2010,0,42,skt,relation_gated_2,0.5651,0.6039
kdd2010,0,42,skt,val_selected_static,0.5807,0.6119
kdd2010,0,42,skt,relation_gated,0.5807,0.6119
kdd2010,0,42,skt,sparse_aware_relation_gated,0.5807,0.6119
kdd2010,0,2024,skt,no_graph,0.5826,0.5992
kdd2010,0,2024,skt,e_pre,0.5696,0.6034
kdd2010,0,2024,skt,e_pre_e_sim,0.5661,0.591
kdd2010,0,2024,skt,full_lc_mrsg,0.5775,0.5981
kdd2010,0,2024,skt,relation_gated_1,0.5631,0.5753
kdd2010,0,2024,skt,relation_gated_2,0.5802,0.6034
kdd2010,0,2024,skt,val_selected_static,0.5696,0.6034
kdd2010,0,2024,skt,relation_gated,0.5802,0.6034
kdd2010,0,2024,skt,sparse_aware_relation_gated,0.5685,0.6119
kdd2010,0,3407,skt,no_graph,0.5627,0.5827
kdd2010,0,3407,skt,e_pre,0.5908,0.6022
kdd2010,0,3407,skt,e_pre_e_sim,0.5648,0.5828
kdd2010,0,3407,skt,full_lc_mrsg,0.5733,0.6205
kdd2010,0,3407,skt,relation_gated_1,0.5907,0.593
kdd2010,0,3407,skt,relation_gated_2,0.5833,0.5912
kdd2010,0,3407,skt,val_selected_static,0.5733,0.6205
kdd2010,0,3407,skt,relation_gated,0.5733,0.6205
kdd2010,0,3407,skt,sparse_aware_relation_gated,0.5733,0.6205
kdd2010,1,42,bkt,no_graph,0.7209,0.7291
kdd2010,1,42,bkt,e_pre,0.7209,0.7291
kdd2010,1,42,bkt,e_pre_e_sim,0.7209,0.7297
kdd2010,1,42,bkt,full_lc_mrsg,0.7209,0.7291
kdd2010,1,42,bkt,relation_gated_1,0.7209,0.7291
kdd2010,1,42,bkt,relation_gated_2,0.7209,0.7297
kdd2010,1,42,bkt,val_selected_static,0.7209,0.7297
kdd2010,1,42,bkt,relation_gated,0.7209,0.7297
kdd2010,1,42,bkt,sparse_aware_relation_gated,0.7209,0.7291
kdd2010,1,2024,bkt,no_graph,0.7209,0.7291
kdd2010,1,2024,bkt,e_pre,0.7209,0.7291
kdd2010,1,2024,bkt,e_pre_e_sim,0.7209,0.7297
kdd2010,1,2024,bkt,full_lc_mrsg,0.7209,0.7291
kdd2010,1,2024,bkt,relation_gated_1,0.7209,0.7291
kdd2010,1,2024,bkt,relation_gated_2,0.7209,0.7297
kdd2010,1,2024,bkt,val_selected_static,0.7209,0.7297
kdd2010,1,2024,bkt,relation_gated,0.7209,0.7297
kdd2010,1,2024,bkt,sparse_aware_relation_gated,0.7209,0.7291
kdd2010,1,3407,bkt,no_graph,0.7209,0.7291
kdd2010,1,3407,bkt,e_pre,0.7209,0.7291
kdd2010,1,3407,bkt,e_pre_e_sim,0.7209,0.7297
kdd2010,1,3407,bkt,full_lc_mrsg,0.7209,0.7291
kdd2010,1,3407,bkt,relation_gated_1,0.7209,0.7291
kdd2010,1,3407,bkt,relation_gated_2,0.7209,0.7297
kdd2010,1,3407,bkt,val_selected_static,0.7209,0.7297
kdd2010,1,3407,bkt,relation_gated,0.7209,0.7297
kdd2010,1,3407,bkt,sparse_aware_relation_gated,0.7209,0.7291
kdd2010,1,42,dkt,no_graph,0.5964,0.6154
kdd2010,1,42,dkt,e_pre,0.6055,0.6132
kdd2010,1,42,dkt,e_pre_e_sim,0.617,0.603
kdd2010,1,42,dkt,full_lc_mrsg,0.6309,0.6269
kdd2010,1,42,dkt,relation_gated_1,0.6021,0.6036
kdd2010,1,42,dkt,relation_gated_2,0.6117,0.604
kdd2010,1,42,dkt,val_selected_static,0.6309,0.6269
kdd2010,1,42,dkt,relation_gated,0.6309,0.6269
kdd2010,1,42,dkt,sparse_aware_relation_gated,0.6309,0.6269
kdd2010,1,2024,dkt,no_graph,0.6002,0.6102
kdd2010,1,2024,dkt,e_pre,0.6118,0.5905
kdd2010,1,2024,dkt,e_pre_e_sim,0.6066,0.6138
kdd2010,1,2024,dkt,full_lc_mrsg,0.5889,0.6013
kdd2010,1,2024,dkt,relation_gated_1,0.6203,0.6141
kdd2010,1,2024,dkt,relation_gated_2,0.6042,0.6227
kdd2010,1,2024,dkt,val_selected_static,0.6066,0.6138
kdd2010,1,2024,dkt,relation_gated,0.6042,0.6227
kdd2010,1,2024,dkt,sparse_aware_relation_gated,0.6256,0.636
kdd2010,1,3407,dkt,no_graph,0.6191,0.6189
kdd2010,1,3407,dkt,e_pre,0.5822,0.5864
kdd2010,1,3407,dkt,e_pre_e_sim,0.5996,0.6145
kdd2010,1,3407,dkt,full_lc_mrsg,0.6024,0.6093
kdd2010,1,3407,dkt,relation_gated_1,0.5911,0.5879
kdd2010,1,3407,dkt,relation_gated_2,0.609,0.622
kdd2010,1,3407,dkt,val_selected_static,0.6191,0.6189
kdd2010,1,3407,dkt,relation_gated,0.609,0.622
kdd2010,1,3407,dkt,sparse_aware_relation_gated,0.6147,0.6259
kdd2010,1,42,simplekt,no_graph,0.6156,0.6335
kdd2010,1,42,simplekt,e_pre,0.6342,0.6274
kdd2010,1,42,simplekt,e_pre_e_sim,0.6265,0.6221
kdd2010,1,42,simplekt,full_lc_mrsg,0.6155,0.6153
kdd2010,1,42,simplekt,relation_gated_1,0.629,0.6338
kdd2010,1,42,simplekt,relation_gated_2,0.6305,0.6408
kdd2010,1,42,simplekt,val_selected_static,0.6156,0.6335
kdd2010,1,42,simplekt,relation_gated,0.6305,0.6408
kdd2010,1,42,simplekt,sparse_aware_relation_gated,0.6206,0.6469
kdd2010,1,2024,simplekt,no_graph,0.6224,0.6284
kdd2010,1,2024,simplekt,e_pre,0.6318,0.6298
kdd2010,1,2024,simplekt,e_pre_e_sim,0.6349,0.6407
kdd2010,1,2024,simplekt,full_lc_mrsg,0.6353,0.6558
kdd2010,1,2024,simplekt,relation_gated_1,0.6423,0.644
kdd2010,1,2024,simplekt,relation_gated_2,0.6511,0.6526
kdd2010,1,2024,simplekt,val_selected_static,0.6353,0.6558
kdd2010,1,2024,simplekt,relation_gated,0.6353,0.6558
kdd2010,1,2024,simplekt,sparse_aware_relation_gated,0.6353,0.6558
kdd2010,1,3407,simplekt,no_graph,0.6315,0.61
kdd2010,1,3407,simplekt,e_pre,0.6185,0.6145
kdd2010,1,3407,simplekt,e_pre_e_sim,0.6184,0.6275
kdd2010,1,3407,simplekt,full_lc_mrsg,0.6274,0.6301
kdd2010,1,3407,simplekt,relation_gated_1,0.617,0.6246
kdd2010,1,3407,simplekt,relation_gated_2,0.609,0.6184
kdd2010,1,3407,simplekt,val_selected_static,0.6274,0.6301
kdd2010,1,3407,simplekt,relation_gated,0.6274,0.6301
kdd2010,1,3407,simplekt,sparse_aware_relation_gated,0.6394,0.6537
kdd2010,1,42,gikt,no_graph,0.6423,0.6668
kdd2010,1,42,gikt,e_pre,0.6246,0.6144
kdd2010,1,42,gikt,e_pre_e_sim,0.5612,0.5665
kdd2010,1,42,gikt,full_lc_mrsg,0.6379,0.6264
kdd2010,1,42,gikt,relation_gated_1,0.6658,0.673
kdd2010,1,42,gikt,relation_gated_2,0.5964,0.6106
kdd2010,1,42,gikt,val_selected_static,0.6423,0.6668
kdd2010,1,42,gikt,relation_gated,0.6658,0.673
kdd2010,1,42,gikt,sparse_aware_relation_gated,0.6658,0.673
kdd2010,1,2024,gikt,no_graph,0.618,0.6006
kdd2010,1,2024,gikt,e_pre,0.5969,0.5895
kdd2010,1,2024,gikt,e_pre_e_sim,0.5809,0.5952
kdd2010,1,2024,gikt,full_lc_mrsg,0.5796,0.5744
kdd2010,1,2024,gikt,relation_gated_1,0.6365,0.6318
kdd2010,1,2024,gikt,relation_gated_2,0.6164,0.6266
kdd2010,1,2024,gikt,val_selected_static,0.618,0.6006
kdd2010,1,2024,gikt,relation_gated,0.6365,0.6318
kdd2010,1,2024,gikt,sparse_aware_relation_gated,0.6365,0.6318
kdd2010,1,3407,gikt,no_graph,0.6349,0.622
kdd2010,1,3407,gikt,e_pre,0.5885,0.5613
kdd2010,1,3407,gikt,e_pre_e_sim,0.6256,0.6208
kdd2010,1,3407,gikt,full_lc_mrsg,0.6091,0.6074
kdd2010,1,3407,gikt,relation_gated_1,0.5784,0.5805
kdd2010,1,3407,gikt,relation_gated_2,0.5843,0.5573
kdd2010,1,3407,gikt,val_selected_static,0.6349,0.622
kdd2010,1,3407,gikt,relation_gated,0.6349,0.622
kdd2010,1,3407,gikt,sparse_aware_relation_gated,0.6152,0.636
kdd2010,1,42,skt,no_graph,0.5736,0.5799
kdd2010,1,42,skt,e_pre,0.5889,0.5827
kdd2010,1,42,skt,e_pre_e_sim,0.5818,0.5678
kdd2010,1,42,skt,full_lc_mrsg,0.5876,0.5643
kdd2010,1,42,skt,relation_gated_1,0.5844,0.59
kdd2010,1,42,skt,relation_gated_2,0.5855,0.5901
kdd2010,1,42,skt,val_selected_static,0.5889,0.5827
kdd2010,1,42,skt,relation_gated,0.5855,0.5901
kdd2010,1,42,skt,sparse_aware_relation_gated,0.5844,0.59
kdd2010,1,2024,skt,no_graph,0.5903,0.6029
kdd2010,1,2024,skt,e_pre,0.6088,0.6102
kdd2010,1,2024,skt,e_pre_e_sim,0.5818,0.5895
kdd2010,1,2024,skt,full_lc_mrsg,0.5455,0.5611
kdd2010,1,2024,skt,relation_gated_1,0.5695,0.565
kdd2010,1,2024,skt,relation_gated_2,0.5646,0.5637
kdd2010,1,2024,skt,val_selected_static,0.6088,0.6102
kdd2010,1,2024,skt,relation_gated,0.6088,0.6102
kdd2010,1,2024,skt,sparse_aware_relation_gated,0.5949,0.6118
kdd2010,1,3407,skt,no_graph,0.544,0.5548
kdd2010,1,3407,skt,e_pre,0.5746,0.5856
kdd2010,1,3407,skt,e_pre_e_sim,0.5813,0.5806
kdd2010,1,3407,skt,full_lc_mrsg,0.5649,0.5822
kdd2010,1,3407,skt,relation_gated_1,0.588,0.5715
kdd2010,1,3407,skt,relation_gated_2,0.5858,0.5944
kdd2010,1,3407,skt,val_selected_static,0.5746,0.5856
kdd2010,1,3407,skt,relation_gated,0.5858,0.5944
kdd2010,1,3407,skt,sparse_aware_relation_gated,0.5858,0.5944
kdd2010,2,42,bkt,no_graph,0.7367,0.7141
kdd2010,2,42,bkt,e_pre,0.7367,0.7141
kdd2010,2,42,bkt,e_pre_e_sim,0.7371,0.7147
kdd2010,2,42,bkt,full_lc_mrsg,0.7367,0.7141
kdd2010,2,42,bkt,relation_gated_1,0.7367,0.7141
kdd2010,2,42,bkt,relation_gated_2,0.7371,0.7147
kdd2010,2,42,bkt,val_selected_static,0.7371,0.7147
kdd2010,2,42,bkt,relation_gated,0.7371,0.7147
kdd2010,2,42,bkt,sparse_aware_relation_gated,0.7371,0.7141
kdd2010,2,2024,bkt,no_graph,0.7367,0.7141
kdd2010,2,2024,bkt,e_pre,0.7367,0.7141
kdd2010,2,2024,bkt,e_pre_e_sim,0.7371,0.7147
kdd2010,2,2024,bkt,full_lc_mrsg,0.7367,0.7141
kdd2010,2,2024,bkt,relation_gated_1,0.7367,0.7141
kdd2010,2,2024,bkt,relation_gated_2,0.7371,0.7147
kdd2010,2,2024,bkt,val_selected_static,0.7371,0.7147
kdd2010,2,2024,bkt,relation_gated,0.7371,0.7147
kdd2010,2,2024,bkt,sparse_aware_relation_gated,0.7371,0.7141
kdd2010,2,3407,bkt,no_graph,0.7367,0.7141
kdd2010,2,3407,bkt,e_pre,0.7367,0.7141
kdd2010,2,3407,bkt,e_pre_e_sim,0.7371,0.7147
kdd2010,2,3407,bkt,full_lc_mrsg,0.7367,0.7141
kdd2010,2,3407,bkt,relation_gated_1,0.7367,0.7141
kdd2010,2,3407,bkt,relation_gated_2,0.7371,0.7147
kdd2010,2,3407,bkt,val_selected_static,0.7371,0.7147
kdd2010,2,3407,bkt,relation_gated,0.7371,0.7147
kdd2010,2,3407,bkt,sparse_aware_relation_gated,0.7371,0.7141
kdd2010,2,42,dkt,no_graph,0.6197,0.6251
kdd2010,2,42,dkt,e_pre,0.6291,0.6215
kdd2010,2,42,dkt,e_pre_e_sim,0.6269,0.6193
kdd2010,2,42,dkt,full_lc_mrsg,0.6472,0.6491
kdd2010,2,42,dkt,relation_gated_1,0.6375,0.6349
kdd2010,2,42,dkt,relation_gated_2,0.6229,0.6276
kdd2010,2,42,dkt,val_selected_static,0.6472,0.6491
kdd2010,2,42,dkt,relation_gated,0.6472,0.6491
kdd2010,2,42,dkt,sparse_aware_relation_gated,0.6472,0.6491
kdd2010,2,2024,dkt,no_graph,0.6324,0.6285
kdd2010,2,2024,dkt,e_pre,0.618,0.6031
kdd2010,2,2024,dkt,e_pre_e_sim,0.6412,0.6308
kdd2010,2,2024,dkt,full_lc_mrsg,0.5966,0.5985
kdd2010,2,2024,dkt,relation_gated_1,0.6254,0.6268
kdd2010,2,2024,dkt,relation_gated_2,0.625,0.6308
kdd2010,2,2024,dkt,val_selected_static,0.6412,0.6308
kdd2010,2,2024,dkt,relation_gated,0.625,0.6308
kdd2010,2,2024,dkt,sparse_aware_relation_gated,0.6114,0.6341
kdd2010,2,3407,dkt,no_graph,0.6022,0.6165
kdd2010,2,3407,dkt,e_pre,0.6254,0.6329
kdd2010,2,3407,dkt,e_pre_e_sim,0.6224,0.6201
kdd2010,2,3407,dkt,full_lc_mrsg,0.6329,0.6257
kdd2010,2,3407,dkt,relation_gated_1,0.6266,0.6278
kdd2010,2,3407,dkt,relation_gated_2,0.6085,0.6034
kdd2010,2,3407,dkt,val_selected_static,0.6254,0.6329
kdd2010,2,3407,dkt,relation_gated,0.6254,0.6329
kdd2010,2,3407,dkt,sparse_aware_relation_gated,0.6363,0.6344
kdd2010,2,42,simplekt,no_graph,0.6393,0.6476
kdd2010,2,42,simplekt,e_pre,0.6384,0.6317
kdd2010,2,42,simplekt,e_pre_e_sim,0.6369,0.6481
kdd2010,2,42,simplekt,full_lc_mrsg,0.6373,0.6354
kdd2010,2,42,simplekt,relation_gated_1,0.6399,0.648
kdd2010,2,42,simplekt,relation_gated_2,0.6595,0.6554
kdd2010,2,42,simplekt,val_selected_static,0.6369,0.6481
kdd2010,2,42,simplekt,relation_gated,0.6595,0.6554
kdd2010,2,42,simplekt,sparse_aware_relation_gated,0.65,0.6596
kdd2010,2,2024,simplekt,no_graph,0.6487,0.6344
kdd2010,2,2024,simplekt,e_pre,0.638,0.6475
kdd2010,2,2024,simplekt,e_pre_e_sim,0.636,0.6412
kdd2010,2,2024,simplekt,full_lc_mrsg,0.652,0.6566
kdd2010,2,2024,simplekt,relation_gated_1,0.6465,0.6521
kdd2010,2,2024,simplekt,relation_gated_2,0.6505,0.6497
kdd2010,2,2024,simplekt,val_selected_static,0.652,0.6566
kdd2010,2,2024,simplekt,relation_gated,0.652,0.6566
kdd2010,2,2024,simplekt,sparse_aware_relation_gated,0.652,0.6566
kdd2010,2,3407,simplekt,no_graph,0.6538,0.6417
kdd2010,2,3407,simplekt,e_pre,0.6308,0.6352
kdd2010,2,3407,simplekt,e_pre_e_sim,0.6592,0.6458
kdd2010,2,3407,simplekt,full_lc_mrsg,0.6462,0.6578
kdd2010,2,3407,simplekt,relation_gated_1,0.6517,0.639
kdd2010,2,3407,simplekt,relation_gated_2,0.6384,0.6408
kdd2010,2,3407,simplekt,val_selected_static,0.6462,0.6578
kdd2010,2,3407,simplekt,relation_gated,0.6462,0.6578
kdd2010,2,3407,simplekt,sparse_aware_relation_gated,0.6462,0.6578
kdd2010,2,42,gikt,no_graph,0.6089,0.6285
kdd2010,2,42,gikt,e_pre,0.6429,0.6249
kdd2010,2,42,gikt,e_pre_e_sim,0.614,0.6119
kdd2010,2,42,gikt,full_lc_mrsg,0.6039,0.6126
kdd2010,2,42,gikt,relation_gated_1,0.6203,0.6135
kdd2010,2,42,gikt,relation_gated_2,0.6414,0.6476
kdd2010,2,42,gikt,val_selected_static,0.6089,0.6285
kdd2010,2,42,gikt,relation_gated,0.6414,0.6476
kdd2010,2,42,gikt,sparse_aware_relation_gated,0.6414,0.6476
kdd2010,2,2024,gikt,no_graph,0.6492,0.6382
kdd2010,2,2024,gikt,e_pre,0.6444,0.648
kdd2010,2,2024,gikt,e_pre_e_sim,0.6359,0.6454
kdd2010,2,2024,gikt,full_lc_mrsg,0.6607,0.6679
kdd2010,2,2024,gikt,relation_gated_1,0.6316,0.6369
kdd2010,2,2024,gikt,relation_gated_2,0.6117,0.6198
kdd2010,2,2024,gikt,val_selected_static,0.6607,0.6679
kdd2010,2,2024,gikt,relation_gated,0.6607,0.6679
kdd2010,2,2024,gikt,sparse_aware_relation_gated,0.6607,0.6679
kdd2010,2,3407,gikt,no_graph,0.654,0.6571
kdd2010,2,3407,gikt,e_pre,0.6091,0.6003
kdd2010,2,3407,gikt,e_pre_e_sim,0.6247,0.6239
kdd2010,2,3407,gikt,full_lc_mrsg,0.6091,0.632
kdd2010,2,3407,gikt,relation_gated_1,0.6412,0.6476
kdd2010,2,3407,gikt,relation_gated_2,0.5985,0.6084
kdd2010,2,3407,gikt,val_selected_static,0.654,0.6571
kdd2010,2,3407,gikt,relation_gated,0.654,0.6571
kdd2010,2,3407,gikt,sparse_aware_relation_gated,0.6641,0.6593
kdd2010,2,42,skt,no_graph,0.6051,0.6079
kdd2010,2,42,skt,e_pre,0.5945,0.5868
kdd2010,2,42,skt,e_pre_e_sim,0.6134,0.6182
kdd2010,2,42,skt,full_lc_mrsg,0.5888,0.5695
kdd2010,2,42,skt,relation_gated_1,0.5774,0.5907
kdd2010,2,42,skt,relation_gated_2,0.5793,0.5893
kdd2010,2,42,skt,val_selected_static,0.6134,0.6182
kdd2010,2,42,skt,relation_gated,0.6134,0.6182
kdd2010,2,42,skt,sparse_aware_relation_gated,0.6217,0.6237
kdd2010,2,2024,skt,no_graph,0.5969,0.5907
kdd2010,2,2024,skt,e_pre,0.6146,0.6077
kdd2010,2,2024,skt,e_pre_e_sim,0.6059,0.6104
kdd2010,2,2024,skt,full_lc_mrsg,0.5975,0.5917
kdd2010,2,2024,skt,relation_gated_1,0.6164,0.6071
kdd2010,2,2024,skt,relation_gated_2,0.5962,0.6002
kdd2010,2,2024,skt,val_selected_static,0.6059,0.6104
kdd2010,2,2024,skt,relation_gated,0.6059,0.6104
kdd2010,2,2024,skt,sparse_aware_relation_gated,0.6084,0.6284
kdd2010,2,3407,skt,no_graph,0.6058,0.6096
kdd2010,2,3407,skt,e_pre,0.6126,0.5971
kdd2010,2,3407,skt,e_pre_e_sim,0.5739,0.5851
kdd2010,2,3407,skt,full_lc_mrsg,0.5981,0.6123
kdd2010,2,3407,skt,relation_gated_1,0.5761,0.6002
kdd2010,2,3407,skt,relation_gated_2,0.6006,0.6072
kdd2010,2,3407,skt,val_selected_static,0.5981,0.6123
kdd2010,2,3407,skt,relation_gated,0.5981,0.6123
kdd2010,2,3407,skt,sparse_aware_relation_gated,0.6079,0.6243
